company,url
Atomwise (Private),https://www.atomwise.com/in-the-news/
Relay Therapeutics,https://ir.relaytx.com/news-events/press-releases
Insilico Medicine (Private),https://insilico.com/news
Benevolent AI,https://www.benevolent.com/news-and-media/press-releases-and-in-media/
Exscientia,https://investors.exscientia.ai/press-releases/default.aspx
Valo Health,https://www.valohealth.com/press
Recursion,https://ir.recursion.com/news-events/press-releases
Gen1e Lifescience,https://www.gen1e.com/news
Schrodinger,https://ir.schrodinger.com/news-and-events/press-releases
Charm Therapeutics,https://charmtx.com/blog/
Endpoint Health (Private),https://endpointhealth.com/news/
Odyssey Therapeutics (Private),https://odysseytx.com/news/
Kinnate Biopharma,https://investors.kinnate.com/news-events/press-releases
Vibliome Therapeutics (Private),https://vibliome.com/#news
Theseus Pharma,https://ir.theseusrx.com/news-releases
Enliven Therapeutics,https://ir.enliventherapeutics.com/news/press-releases
Kronos Bio,https://ir.kronosbio.com/news-releases
Kymera Therapeutics,https://investors.kymeratx.com/press-releases
Vera Therapeutics,https://ir.veratx.com/news-events/news-releases
Fulcrum Therapeutics,https://ir.fulcrumtx.com/news-releases
Biosplice Therapeutics (Private),https://www.biosplice.com/news/default.aspx
BioAge Labs (Private),https://bioagelabs.com/press-releases
Aclaris Therapeutics,https://investor.aclaristx.com/press-releases
 Arcutis Biotherapeutics,https://www.arcutis.com/news-media/
